{"0704.0001": 3.8449712762347636}
{"0704.0002": 3.61525242113903}
{"0704.0003": 3.7908734195396923}
{"0704.0004": 1.8568555137451712}
{"0704.0005": 1.949216722807274}
{"0704.0006": 3.8712464717801747}
{"0704.0007": 4.052793780428982}
{"0704.0008": 3.7120744982340845}
{"0704.0009": 5.489675300488362}
{"0704.0010": 3.399917685541771}
{"0704.0011": 2.2035877428315143}
{"0704.0012": 3.0785493391199004}
{"0704.0013": 3.336415163239848}
{"0704.0014": 1.6353468334028083}
{"0704.0015": 2.311312163113311}
{"0704.0016": 3.4125758154773482}
{"0704.0017": 4.931366578246915}
{"0704.0018": 2.7461238365678295}
{"0704.0019": 1.6905003620415915}
{"0704.0020": 3.424148441047047}
{"0704.0021": 2.5137438661557936}
{"0704.0022": 4.767637071385596}
{"0704.0023": 4.675438222812478}
{"0704.0024": 3.471967238420471}
{"0704.0025": 2.943803038273146}
{"0704.0026": 3.0022514639171334}
{"0704.0027": 3.063785161370525}
{"0704.0028": 2.429705908266689}
{"0704.0029": 3.213698548958731}
{"0704.0030": 3.398093010115335}
{"0704.0031": 3.3071190770692995}
{"0704.0032": 4.032243690933064}
{"0704.0033": 3.7852196310719397}
{"0704.0034": 1.3129951254528411}
{"0704.0035": 3.1656533944297722}
{"0704.0036": 4.020554347004339}
{"0704.0037": 4.238860651642072}
{"0704.0038": 3.1551083144802314}
{"0704.0039": 4.175633102683905}
{"0704.0040": 2.387921136089604}
{"0704.0041": 4.369315915272921}
{"0704.0042": 3.0250745475049112}
{"0704.0043": 4.183613791252533}
{"0704.0044": 5.302024584327296}
{"0704.0045": 4.61911907286522}
{"0704.0046": 2.8563846493550473}
{"0704.0047": 4.225578488132142}
{"0704.0048": 3.468185459533327}
{"0704.0049": 2.489949588131554}
{"0704.0050": 3.833677227498915}
{"0704.0051": 2.7641569947642917}
{"0704.0052": 3.0410098355953377}
{"0704.0053": 4.60554520956287}
{"0704.0054": 2.04061661210346}
{"0704.0055": 3.9918282851225553}
{"0704.0056": 2.8820398890110286}
{"0704.0057": 3.4568335004691377}
{"0704.0058": 4.150306457823647}
{"0704.0059": 4.9100559398645585}
{"0704.0060": 2.7312400003595427}
{"0704.0061": 3.8819336329057723}
{"0704.0062": 3.432607529280431}
{"0704.0063": 3.5185593326016606}
{"0704.0064": 3.96037976863329}
{"0704.0065": 4.306533607295174}
{"0704.0066": 4.59263110791308}
{"0704.0067": 4.524336823130776}
{"0704.0068": 2.438787256779311}
{"0704.0069": 5.014451014534443}
{"0704.0070": 2.85248555495102}
{"0704.0071": 1.127324668414401}
{"0704.0072": 3.9571937530843737}
{"0704.0073": 2.640701983292652}
{"0704.0074": 3.722625138076996}
{"0704.0075": 2.538253239218734}
{"0704.0076": 1.9143182313865603}
{"0704.0077": 2.776562146030507}
{"0704.0078": 2.4017991712908664}
{"0704.0079": 2.8908191071810467}
{"0704.0080": 5.302111031135007}
{"0704.0081": 2.3516303575087254}
{"0704.0082": 4.257168288422606}
{"0704.0083": 3.9262090778634313}
{"0704.0084": 5.165965247555133}
{"0704.0085": 5.040949107932383}
{"0704.0086": 3.84060256560721}
{"0704.0087": 2.7797785146860114}
{"0704.0088": 3.997111987825029}
{"0704.0089": 4.195201419363839}
{"0704.0090": 2.8278057764239297}
{"0704.0091": 2.9726526739496753}
{"0704.0092": 2.0961762667440715}
{"0704.0093": 3.3389811983458757}
{"0704.0094": 4.8601587927036904}
{"0704.0095": 3.745871262063344}
{"0704.0096": 2.6343950502942395}
{"0704.0097": 1.8810984708981344}
{"0704.0098": 3.0084864449649102}
{"0704.0099": 4.48780036409055}
{"0704.0100": 3.766469541570416}
{"0704.0101": 1.487452609807928}
{"0704.0102": 1.474739773297973}
{"0704.0103": 2.454103745594598}
{"0704.0104": 3.058327746288313}
{"0704.0105": 3.2661201855552284}
{"0704.0106": 4.674991625613518}
{"0704.0107": 2.543114530027874}
{"0704.0108": 1.1668247367557372}
{"0704.0109": 3.284893660857761}
{"0704.0110": 2.0319085565247246}
{"0704.0111": 2.6175181127155223}
{"0704.0112": 3.0022514639171334}
{"0704.0113": 3.9441985893289}
{"0704.0114": 3.8970396682888495}
{"0704.0115": 2.2155936566629904}
{"0704.0116": 2.53913078639183}
{"0704.0117": 3.79525223452491}
{"0704.0118": 3.1819092719036672}
{"0704.0119": 3.850293033518325}
{"0704.0120": 3.308497153006467}
{"0704.0121": 3.381710388417338}
{"0704.0122": 2.8105987272340687}
{"0704.0123": 3.9234098868110747}
{"0704.0124": 1.4604242560800953}
{"0704.0125": 2.2086479629619813}
{"0704.0126": 3.819407444084461}
{"0704.0127": 4.010054221458991}
{"0704.0128": 4.126017323004925}
{"0704.0129": 2.1296340292170672}
{"0704.0130": 2.4215682244917214}
{"0704.0131": 3.461831730325395}
{"0704.0132": 3.2930852589961708}
{"0704.0133": 3.3111847696639267}
{"0704.0134": 3.676741673663688}
{"0704.0135": 3.295577581991502}
{"0704.0136": 3.4417792239286134}
{"0704.0137": 2.8395298477041}
{"0704.0138": 5.290846037940818}
{"0704.0139": 3.774262952925632}
{"0704.0140": 3.4797304523824337}
{"0704.0141": 1.922988292884263}
{"0704.0142": 3.6337028411120347}
{"0704.0143": 2.4274390910962134}
{"0704.0144": 3.5993831581155344}
{"0704.0145": 2.8796683550895823}
{"0704.0146": 4.1212439665519645}
{"0704.0147": 3.6204344153265877}
{"0704.0148": 4.744590692306928}
{"0704.0149": 2.789288400564194}
{"0704.0150": 5.254027575661463}
{"0704.0151": 4.699617153242426}
{"0704.0152": 3.39874855636499}
{"0704.0153": 3.115402548684168}
{"0704.0154": 3.3261557908180874}
{"0704.0155": 4.089421534167374}
{"0704.0156": 0.8514414050982323}
{"0704.0157": 3.1622539060053696}
{"0704.0158": 2.686499377752093}
{"0704.0159": 3.23060775982456}
{"0704.0160": 3.7757289324681866}
{"0704.0161": 3.056735310555322}
{"0704.0162": 4.053459481480477}
{"0704.0163": 3.7073090396866726}
{"0704.0164": 5.203069902662351}
{"0704.0165": 3.2343726506400436}
{"0704.0166": 3.5403124172452536}
{"0704.0167": 2.926955465514796}
{"0704.0168": 3.0636336153861583}
{"0704.0169": 2.1440956408556517}
{"0704.0170": 3.4698364347668322}
{"0704.0171": 3.945021161703615}
{"0704.0172": 2.8241250126475315}
{"0704.0173": 1.7697013140341988}
{"0704.0174": 3.9103647950604765}
{"0704.0175": 3.354723860375956}
{"0704.0176": 4.323165237716692}
{"0704.0177": 3.0453694123243036}
{"0704.0178": 2.9070739257276728}
{"0704.0179": 2.9202037878046907}
{"0704.0180": 2.5651033390138895}
{"0704.0181": 2.89275934263841}
{"0704.0182": 3.860166330454551}
{"0704.0183": 4.296096741911926}
{"0704.0184": 2.7643531553376155}
{"0704.0185": 2.9000129319749006}
{"0704.0186": 3.222368168954339}
{"0704.0187": 5.153073603557893}
{"0704.0188": 3.0051034347035857}
{"0704.0189": 4.40258365533483}
{"0704.0190": 4.29244896132894}
{"0704.0191": 4.187122326377527}
{"0704.0192": 3.7346536460813002}
{"0704.0193": 2.2040855319883876}
{"0704.0194": 4.460985290410594}
{"0704.0195": 3.2437168904444666}
{"0704.0196": 1.765985800995858}
{"0704.0197": 4.302368445251755}
{"0704.0198": 2.7513651457628403}
{"0704.0199": 5.375688606106938}
{"0704.0200": 3.2713466832468434}
{"0704.0201": 2.5999235585330704}
{"0704.0202": 2.6503363473625416}
{"0704.0203": 5.085610018793901}
{"0704.0204": 2.7983789129735106}
{"0704.0205": 3.869904844480976}
{"0704.0206": 3.1234292634663077}
{"0704.0207": 1.79451043664298}
{"0704.0208": 2.967418049107323}
{"0704.0209": 4.5327939313488645}
{"0704.0210": 3.260676284286008}
{"0704.0211": 3.1621220848571596}
{"0704.0212": 3.026219499357298}
{"0704.0213": 3.1865383291839047}
{"0704.0214": 2.168742106245656}
{"0704.0215": 2.5663992042902937}
{"0704.0216": 3.0788902229671686}
{"0704.0217": 5.140172169757092}
{"0704.0218": 2.3721631440099755}
{"0704.0219": 5.417216928889083}
{"0704.0220": 4.5059241879401055}
{"0704.0221": 3.3670833136653733}
{"0704.0222": 3.003483205347188}
{"0704.0223": 3.6002195098518324}
{"0704.0224": 3.4338312412352257}
{"0704.0225": 3.0201894668916696}
{"0704.0226": 4.466464706937103}
{"0704.0227": 3.389171544695571}
{"0704.0228": 3.880897866233987}
{"0704.0229": 5.305059500419789}
{"0704.0230": 4.815873995767041}
{"0704.0231": 1.5935895720253792}
{"0704.0232": 3.2551580117031165}
{"0704.0233": 2.5985081390579134}
{"0704.0234": 1.703526917082867}
{"0704.0235": 3.888133998574133}
{"0704.0236": 1.717093629465851}
{"0704.0237": 2.7757922720015573}
{"0704.0238": 5.047065570226784}
{"0704.0239": 3.655079539222948}
