{"0704.0001": 3.8449712762347636}
{"0704.0002": 3.61525242113903}
{"0704.0003": 3.7908734195396923}
{"0704.0004": 1.8568555137451712}
{"0704.0005": 1.949216722807274}
{"0704.0006": 3.8712464717801747}
{"0704.0007": 4.052793780428982}
{"0704.0008": 3.7120744982340845}
{"0704.0009": 5.489675300488362}
{"0704.0010": 3.399917685541771}
{"0704.0011": 2.2035877428315143}
{"0704.0012": 3.0785493391199004}
{"0704.0013": 3.336415163239848}
{"0704.0014": 1.6353468334028083}
{"0704.0015": 2.311312163113311}
{"0704.0016": 3.4125758154773482}
{"0704.0017": 4.931366578246915}
{"0704.0018": 2.7461238365678295}
{"0704.0019": 1.6905003620415915}
{"0704.0020": 3.424148441047047}
{"0704.0021": 2.5137438661557936}
{"0704.0022": 4.767637071385596}
{"0704.0023": 4.675438222812478}
{"0704.0024": 3.471967238420471}
{"0704.0025": 2.943803038273146}
{"0704.0026": 3.0022514639171334}
{"0704.0027": 3.063785161370525}
{"0704.0028": 2.429705908266689}
{"0704.0029": 3.213698548958731}
{"0704.0030": 3.398093010115335}
{"0704.0031": 3.3071190770692995}
{"0704.0032": 4.032243690933064}
{"0704.0033": 3.7852196310719397}
{"0704.0034": 1.3129951254528411}
{"0704.0035": 3.1656533944297722}
{"0704.0036": 4.020554347004339}
{"0704.0037": 4.238860651642072}
{"0704.0038": 3.1551083144802314}
{"0704.0039": 4.175633102683905}
{"0704.0040": 2.387921136089604}
{"0704.0041": 4.369315915272921}
{"0704.0042": 3.0250745475049112}
{"0704.0043": 4.183613791252533}
{"0704.0044": 5.302024584327296}
{"0704.0045": 4.61911907286522}
{"0704.0046": 2.8563846493550473}
{"0704.0047": 4.225578488132142}
{"0704.0048": 3.468185459533327}
{"0704.0049": 2.489949588131554}
{"0704.0050": 3.833677227498915}
{"0704.0051": 2.7641569947642917}
{"0704.0052": 3.0410098355953377}
{"0704.0053": 4.60554520956287}
{"0704.0054": 2.04061661210346}
{"0704.0055": 3.9918282851225553}
{"0704.0056": 2.8820398890110286}
{"0704.0057": 3.4568335004691377}
{"0704.0058": 4.150306457823647}
{"0704.0059": 4.9100559398645585}
{"0704.0060": 2.7312400003595427}
{"0704.0061": 3.8819336329057723}
{"0704.0062": 3.432607529280431}
{"0704.0063": 3.5185593326016606}
{"0704.0064": 3.96037976863329}
{"0704.0065": 4.306533607295174}
{"0704.0066": 4.59263110791308}
{"0704.0067": 4.524336823130776}
{"0704.0068": 2.438787256779311}
{"0704.0069": 5.014451014534443}
{"0704.0070": 2.85248555495102}
{"0704.0071": 1.127324668414401}
{"0704.0072": 3.9571937530843737}
{"0704.0073": 2.640701983292652}
{"0704.0074": 3.722625138076996}
{"0704.0075": 2.538253239218734}
{"0704.0076": 1.9143182313865603}
{"0704.0077": 2.776562146030507}
{"0704.0078": 2.4017991712908664}
{"0704.0079": 2.8908191071810467}
{"0704.0080": 5.302111031135007}
{"0704.0081": 2.3516303575087254}
{"0704.0082": 4.257168288422606}
{"0704.0083": 3.9262090778634313}
{"0704.0084": 5.165965247555133}
{"0704.0085": 5.040949107932383}
{"0704.0086": 3.84060256560721}
{"0704.0087": 2.7797785146860114}
{"0704.0088": 3.997111987825029}
{"0704.0089": 4.195201419363839}
{"0704.0090": 2.8278057764239297}
{"0704.0091": 2.9726526739496753}
{"0704.0092": 2.0961762667440715}
{"0704.0093": 3.3389811983458757}
{"0704.0094": 4.8601587927036904}
{"0704.0095": 3.745871262063344}
{"0704.0096": 2.6343950502942395}
{"0704.0097": 1.8810984708981344}
{"0704.0098": 3.0084864449649102}
{"0704.0099": 4.48780036409055}
{"0704.0100": 3.766469541570416}
